# Authors of The Virtual Brain

 Andrei,      Mihai     <mihai.andrei@codemart.ro>
 Bacter,      David     <david.bacter@codemart.ro>
 Baila,       Romina    <romina.baila@codemart.ro>
 Bayly,       Devin     <baylyd@email.arizona.edu>
 Burgstahler, Michael   <mburg@twotribes.de>
 Domide,      Lia       <lia.domide@codemart.ro>
 Dordea,      Adrian    <adrian.dordea@codemart.ro>
 Farcas,      Vlad      <vlad.farcas@codemart.ro>
 Florea,      Gabriel   <gabriel.florea@codemart.ro>
 Fousek,      Jan       <izaak@mail.muni.cz>
 Golos,       Mathieu   <mathieu.golos@gmail.com>
 Gordon,      Yann      <yanngordon@gmail.com>
 Jirsa,       Viktor    <viktor.jirsa@univ-amu.fr>
 Knock,       Stuart A. <stuart.knock@gmail.com>
 Malhotra,    Gaurav    <gm.academic@gmail.com>
 Melozzi,     Francesca <francesca.melozzi@studio.unibo.it>
 Mersmann,    Jochen    <jmersmann@codebox.biz>
 Neacsa,      Bogdan    <bogdan.neacsa@codemart.ro>
 Ortelecan,   Ionel     <ionel.ortelecan@codemart.ro>
 Parcus,      Robert    <betoparcus@gmail.com>
 Pavel,       Calin     <calin.pavel@codemart.ro>
 Perdikis,    Dionysios <dionysios.perdikis@charite.de>
 Pezard,      Laurent   <laurent.pezard@univ-provence.fr>
 Proix,       Timothee  <timothee.proix@etu.univ-amu.fr>
 Pop,         Dan       <dan.pop@codemart.ro>
 Prodan,      Paula     <paula.prodan@codemart.ro>
 Ritter,      Petra     <petra.ritter@charite.de>
 Sanz Leon,   Paula     <paula.SANZ-LEON@univ-amu.fr>
 Schirner,    Michael   <michael.schirner@charite.de>
 Spiegler,    Andreas   <anspiegler@googlemail.com>
 Tomoiaga,    Ciprian   <ciprian.tomoiaga@codemart.ro>
 Valean,      Bogdan    <bogdan.valean@codemart.ro>
 Vincze,      Robert    <robert.vincze@codemart.ro>
 Woodman,     Marmaduke <mw@eml.cc>
